<openerp>
    <data>

    <record model="ir.ui.view" id="hr_recruitment.crm_case_form_view_job">
        <field name="name">Jobs-Recruitment Form</field>
        <field name="model">hr.applicant</field>
        <field name="type">form</field>
        <field name="arch" type="xml">
            <form string="Jobs - Recruitment Form">
            <header>
                <field name="stage_id" widget="statusbar" clickable="True"/>
            </header>
            <sheet>
                <div class="oe_right oe_button_box">
                    <button name="action_makeMeeting" class="oe_stat_button" icon="fa-calendar" type="object"
                         help="Schedule interview with this applicant">
                         <div>Schedule<br/>Meeting</div>
                    </button>
                    <button name="action_start_survey" 
                        class="oe_stat_button"
                        icon="fa-user" 
                        type="object"
                        help="Answer related job question"
                        context="{'survey_id': survey}"
                        attrs="{'invisible':[('survey','=',False)]}">
                        <div>Start<br/>Interview</div>
                    </button>
                    <button name="action_print_survey" 
                        class="oe_stat_button"
                        icon="fa-print"
                        type="object"
                        help="Print interview report"
                        attrs="{'invisible':[('survey','=',False)]}">
                        <div>Print<br/>Interview</div>
                    </button>
                    <button name="action_get_attachment_tree_view" 
                        class="oe_stat_button"
                        icon="fa-book"
                        type="object">
                        <field name="attachment_number" widget="statinfo" string="Documents"/>
                    </button>
                </div>
                <div class="oe_title">
                    <label for="name" class="oe_edit_only"/>
                    <h1><field name="name"/></h1>
                    <label for="partner_name" class="oe_edit_only"/>
                    <h2 style="display: inline-block;">
                        <field name="partner_name" class="oe_inline"/>
                        <button string="Create Employee" name="create_employee_from_applicant" type="object"
                                    class="oe_link oe_inline" style="margin-left: 8px;"
                                    attrs="{'invisible': [('emp_id', '!=', False)]}"/>
                    </h2>
                </div>
                <group>
                    <group string="Informasi Pribadi">
                        <field name='jen_kel'/>
                        <field name='kota_id'/>
                        <field name='tgl_lahir'/>
                        <field name='age'/>
                        <field name='agama_id'/>
                        <field name='country_id'/>
                        <field name='status'/>
                        <field name='sjk_tanggal'/> 
                        <field name='email_from'/>
                        <field name='partner_phone'/>
                        <field name="blood"/>
                        <field name="pengalaman"/>
                    </group>
                    <group string="Pendidikan">
                        <field name='type_id'/>
                        <field name='bidang_id'/>
                        <field name='jurusan_id'/> 
                        <field name='pt_id'/> 
                        <field name='gelar_id'/>
                    </group>
                    <group string="Alamat Domisili">
                        <field name='country_id1'/>
                        <field name='prov_id'/>
                        <field name='kab_id'/>
                        <field name='kec_id'/>
                        <field name='alamat1'/>  
                        <field name='kode1'/>      
                        <field name='telp1'/>
                    </group>
                    <group string="Alamat Sesuai KTP">
                        <field name='country_id2'/>
                        <field name='prov_id2'/>
                        <field name='kab_id2'/>
                        <field name='kec_id2'/>
                        <field name='alamat2'/>  
                        <field name='kode2'/>      
                        <field name='telp2'/>
                    </group>
                    <group string="Kartu Identitas">
                        <field name="jenis_id"/>
                        <field name="no_id"/>
                        <field name="tgl_berlaku"/>
                        <field name="dikeluarkan"/>          
                    </group>                   
                    <group string="Job">
                        <field name="survey" invisible="1"/>
                        <field name="response_id" invisible="1"/>
                        <field name="job_id" on_change="onchange_job(job_id)"/>
                        <field name="department_id" on_change="onchange_department_id(department_id, stage_id)"/>
                        <field name="company_id" />
                        <label for="availability"/>
                        <div>
                            <field name="availability" class="oe_inline"/> <label string="Day(s)" class="oe_inline"/>
                        </div>
                    </group>
                    <group string="Contract">
                        <label for="salary_expected"/>
                        <div>
                            <field name="salary_expected" class="oe_inline"/>
                            <span class="oe_inline" attrs="{'invisible':[('salary_expected_extra','=',False)]}"> + </span>
                            <field name="salary_expected_extra" class="oe_inline" placeholder="Extra advantages..."/>
                        </div>
                        <label for="salary_proposed"/>
                        <div>
                            <field name="salary_proposed" class="oe_inline"/>
                            <span class="oe_inline" attrs="{'invisible':[('salary_proposed_extra','=',False)]}"> + </span>
                            <field name="salary_proposed_extra" class="oe_inline" placeholder="Extra advantages..."/>
                        </div>
                        <field name="emp_id" readonly="1"/>
                    </group>
                </group>
                <group>
                    <field name="categ_ids" widget="many2many_tags"/>
                </group>

                <group string="Susunan Keluarga Istri/Suami">
                    <field name='susunan_kel1_ids' view_mode="tree,form" widget="one2many_list" nolabel="1">
                        <tree editable="bottom">
                                <field name="susunan"/>
                                <field name="name"/>
                                <field name="kelamin"/> 
                                <field name="kota_id"/>
                                <field name="tgl_lahir"/>
                                <field name="type_id"/>
                                <field name="pekerjaan"/>
                        </tree>
                    </field>
                </group>

                <group string="Susunan Keluarga Ayah/Ibu">
                    <field view_mode="tree,form" name='susunan_kel2_ids' widget="one2many_list" nolabel="1">
                        <tree editable="bottom">
                            <field name='susunan'/>
                            <field name="name"/>
                            <field name="kelamin"/>
                            <field name="kota_id"/>
                            <field name='tgl_lahir'/>
                            <field name='type_id'/>
                            <field name='pekerjaan'/>
                        </tree>
                    </field>
                </group>

                <group string="Riwayat Pendidikan">    
                    <field view_mode="tree,form" name='rwt_pend_ids' widget="one2many_list" nolabel="1">
                    <tree>
                        <field name="name"/>
                        <field name="jurusan"/>
                        <field name="tempat"/>
                        <field name="tahun_msk"/>
                        <field name="tahun_klr"/>
                        <field name="ijazah"/>
                    </tree>
                    <form>
                        <group>
                            <group>
                                <field name="name"/>                                                                  
                                <field name="tahun_msk"/>            
                                <field name="ijazah"/>
                            </group>                                        
                            <group>
                                <field name="jurusan"/>
                                <field name="tahun_klr"/>
                                <field name="tempat"/>
                            </group>
                        </group>
                    </form>                                       
                    </field>
                </group>   

                <group string="Bahasa">
                    <field view_mode="tree,form" name='bahasa_ids' nolabel="1" >
                        <tree>
                            <field name='name'/>
                            <field name='tulis'/>
                            <field name='lisan'/>
                        </tree>
                        <form>
                            <group>
                                <group>
                                    <field name="name"/>
                                </group>  
                                <group>  
                                    <field name="tulis"/>
                                    <field name="lisan"/>
                                </group>
                            </group>
                        </form>
                    </field>
                </group>

                <group string="Riwayat Pekerjaan">
                    <field view_mode="tree,form" name='rwt_krj_ids' nolabel="1">
                        <tree>
                            <!--field name="no"/-->
                            <field name="name"/>
                            <field name="tempat"/>
                            <field name="tahun_msk"/>
                            <field name="tahun_klr"/>
                            <field name="jabatan"/>
                            <field name="gaji"/>
                            <field name="alasan"/>
                        </tree>
                        <form>
                            <group>
                                <group>
                                    <!--field name="no"/-->
                                    <field name="name"/>
                                    <field name="tempat"/>
                                </group>
                                <group>    
                                    <field name="tahun_msk"/>
                                    <field name="tahun_klr"/>
                                    <field name="jabatan"/>
                                    <field name="gaji"/>
                                    <field name="alasan"/>
                                </group>
                            </group>     
                        </form>
                    </field>
                </group>

                <group string="Referensi Internal">
                    <field view_mode="tree,form" name='koneksi1_ids' nolabel="1">
                         <tree>
                            <field name='employee_id'/>
                            <field name='job_id'/>
                            <field name="alamat"/>                                    
                            <field name="telepon"/>
                        </tree>
                        <form>
                            <group>
                                <group>
                                    <field name='employee_id'/>
                                    <field name='job_id'/>
                                </group>
                                <group>
                                    <field name="alamat"/>                                    
                                    <field name="telepon"/>
                                </group>
                            </group>
                        </form>
                    </field>    
                </group>
                                                               
                <group string="Referensi Eksternal">
                    <field view_mode="tree,form" name='koneksi2_ids' nolabel="1">
                         <tree>
                            <field name='name'/>
                            <field name='jabatan'/>
                            <field name="alamat"/>                                    
                            <field name="telepon"/>
                        </tree>
                        <form>
                            <group>
                                <group>
                                    <field name='name'/>
                                    <field name='jabatan'/>
                                </group>
                                <group>
                                    <field name="alamat"/>                                    
                                    <field name="telepon"/>
                                </group>
                            </group>
                        </form>
                    </field>
                </group>

                <separator string="Application Summary"/>
                <field name="description" placeholder="Feedback of interviews..."/>
            </sheet>
            <div class="oe_chatter">
                <field name="message_follower_ids" widget="mail_followers"/>
                <field name="message_ids" widget="mail_thread"/>
            </div>
          </form>
        </field>
    </record>

	</data>
</openerp>