<openerp>
    <data>

        <record id="view_calendar_event_form1" model="ir.ui.view">
            <field name="name">Interview</field>
            <field name="model">calendar.event</field>
            <field name="inherit_id" ref='calendar.view_calendar_event_form'/>
            <field name="arch" type="xml">
                <page string="Invitations" position="after">
                    <page string="Pelamar">
                        <button name="do_sendsms" type="object" string="Send SMS" icon="terp-mail-message-new" class="oe_link"/>
                        <field view_mode="tree" name='applicant_ids'>
                            <tree editable="bottom">
                                <field name="create_date"/> 
                                <field name="name" string="Subject"/> 
                                <field name="partner_name"/> 
                                <field name="type_id"/>
                                <field name="job_id"/> 
                                <field name="department_id" invisible="context.get('invisible_department', True)"/>
                                <field name="stage_id"/>
                            </tree>  
                        </field>
                    </page>
                </page>
            </field>
        </record>

        <record id="view_applicant_interview" model="ir.ui.view">
            <field name="name">Interview</field>
            <field name="model">hr.applicant</field>
            <field name="inherit_id" ref='hr_recruitment.crm_case_form_view_job'/>
            <field name="arch" type="xml">
                <group string="Contract" position="after">
                    <group string="Interview">
                        <field view_mode="tree" nolabel='1' name="meeting_ids">
                            <tree>
                                <field name='name'/>
                                <field name="start_datetime"/>
                                <field name="stop_datetime"/>
                                <field name='location'/>
                                <field name='state' invisible="1"/>
                            </tree>
                        </field>
                    </group>    
                </group>
            </field>
        </record>

	</data>
</openerp>